Aluminum Purity (%),Casting Temperature (째C),Cooling Water Temperature (째C),Casting Speed (m/min),Cast Bar Entry Temperature at Rolling Mill (째C),Emulsion Temperature at Rolling Mill (째C),Emulsion Pressure at Rolling Mill (bar),Emulsion Concentration (%),Rod Quench Water Pressure (bar)
99.63192447,693.1436059,23.861783,5.149829732,488.462215,38.35677052,1.055610592,3.186798548,1.561405295
99.96169734,745.7414275,23.68829848,5.520400711,462.265515,25.1156195,2.071246476,3.738602841,1.960229696
99.81279955,723.3827019,24.70556216,7.590750473,480.4595145,33.39683444,2.510906349,5.508732451,1.266821529
99.55800001,692.0853396,22.7255218,4.237350777,479.0432306,39.22305673,1.871625874,6.641807157,1.674357467
99.93320678,681.9045321,28.92949008,9.555536844,488.4634763,26.10753814,1.133919018,6.104775057,1.072337038
99.71557581,684.1914779,26.83498554,7.437039662,480.9634157,25.02387154,2.47118925,5.316961047,1.310515949
