Elongation,UTS,Conductivity
9.927206993103027,106.98652648925781,61.74417495727539
