Elongation,UTS,Conductivity
14.62344741821289,10.52412223815918,60.67209243774414
