Elongation,UTS,Conductivity
15.18270206451416,10.932393074035645,61.17274475097656
