Elongation,UTS,Conductivity
14.305643081665039,11.09213924407959,61.361366271972656
