Aluminum Purity (%),Casting Temperature (째C),Cooling Water Temperature (째C),Casting Speed (m/min),Cast Bar Entry Temperature at Rolling Mill (째C),Emulsion Temperature at Rolling Mill (째C),Emulsion Pressure at Rolling Mill (bar),Emulsion Concentration (%),Rod Quench Water Pressure (bar)
-0.9226422506747497,-0.4406071936111151,-0.5952380498703121,-0.7991318832390725,0.9732006913527574,1.1772107304800712,-1.3746604525131836,-1.5385800671805798,0.2973371756773533
1.2991777872180135,1.8171559142994402,-0.6770323972729604,-0.5923319505296012,-2.0193673897561695,-1.0020165694373597,0.37752899624472674,-1.0908327133883742,1.6583927237011236
0.29599006768255265,0.8574069310910706,-0.19741370367414895,0.5630423656730439,0.05901584826280951,0.3609049504874308,1.136036452163686,0.34549327899880133,-0.7079796205535669
-1.4207027688683895,-0.48603330704705705,-1.1309616022250155,-1.3083476534594616,-0.10277269735280056,1.3197840275841184,0.033140699130264115,1.2648975092598025,0.6828055170738851
1.107224770892644,-0.9230447817245394,1.7940805673549192,1.6595062345052718,0.9733447753832167,-0.8387666996699981,-1.2395616440252004,0.8291366702688837,-1.371690754617626
-0.3590476062499752,-0.8248775630078041,0.806565185687523,0.4772628870498185,0.11657877211017972,-1.0171164394442602,1.0675159489997068,0.18988532204146774,-0.5588650412811699
