Aluminum Purity (%),Casting Temperature (째C),Cooling Water Temperature (째C),Casting Speed (m/min),Cast Bar Entry Temperature at Rolling Mill (째C),Emulsion Temperature at Rolling Mill (째C),Emulsion Pressure at Rolling Mill (bar),Emulsion Concentration (%),Rod Quench Water Pressure (bar)
-1.1682452139608739,-0.4440266047512401,-0.7519160817034413,-1.0476642459578935,0.91442855076714,1.3411371101293665,-1.2964533133350853,-1.8507621648669765,0.562877054808623
1.1956221503437972,1.8744312547335875,-0.8292950810592462,-0.8464879579455517,-2.32726012612078,-1.021656924947093,0.3717546473212634,-1.359086877252106,1.9375629955026767
0.12829776311295354,0.8888816346446723,-0.3755667274320508,0.2774675151202319,-0.07585891274449637,0.4560699912298711,1.0939072530672804,0.21815526484980136,-0.45250756173319856
-1.698148169343007,-0.49067389443030474,-1.258720692644099,-1.5430325814698895,-0.2511157764673564,1.4957200377438429,0.043872694139494635,1.2277610961724739,0.9522056977650923
0.9913970272317861,-0.9394334142404773,1.508424511674752,1.344114530819268,0.9145846292781048,-0.8446557380915751,-1.1678297173223349,0.7492483053596675,-1.1228654806327978
-0.5686183477290904,-0.8386271963604226,0.5742162869213758,0.19402069349433598,-0.013504081246248646,-1.0380287292027053,1.0286709003844365,0.04728080552766732,-0.301899663344401
0.12829776311295354,0.8888816346446723,-0.3755667274320508,0.2774675151202319,-0.07585891274449637,0.4560699912298711,1.0939072530672804,0.21815526484980136,-0.45250756173319856
0.9913970272317861,-0.9394334142404773,1.508424511674752,1.344114530819268,0.9145846292781048,-0.8446557380915751,-1.1678297173223349,0.7492483053596675,-1.1228654806327978
