Aluminum Purity (%),Casting Temperature (째C),Cooling Water Temperature (째C),Casting Speed (m/min),Cast Bar Entry Temperature at Rolling Mill (째C),Emulsion Temperature at Rolling Mill (째C),Emulsion Pressure at Rolling Mill (bar),Emulsion Concentration (%),Rod Quench Water Pressure (bar)
-1.0357781839342788,-0.5785873846236823,-0.6107711202159046,-0.9292318241143978,1.0418113990261135,1.2046876290365722,-1.5254223881974003,-1.7007278746446794,0.4157759997256783
1.3491833794913968,1.7412979066631267,-0.6988741984457056,-0.7107547934528022,-2.1897277294386295,-1.1275483690733088,0.21362352976560564,-1.2211768816855502,1.8359183383200055
0.2723346198313182,0.7551415018252928,-0.18226290898094075,0.5098585142954576,0.05462447093462296,0.3310670913183935,0.9664412663953051,0.3171718098891575,-0.633184087245439
-1.5704097796049619,-0.6252633941798375,-1.187814590106407,-1.467200806919162,-0.12008367321577122,1.3572713342277989,-0.12818144041937607,1.3018816196027498,0.8179784760315072
1.1431358337352524,-1.0742992069609598,1.9628336793071859,1.6682349564519061,1.0419669888638703,-0.952836340193799,-1.391336983454643,0.8351685474630118,-1.325708564625817
-0.43080048934994203,-0.9734309245492377,0.8991520474227127,0.4192354394435392,0.11678407289518476,-1.1437084366340482,0.8984347495152042,0.15051096948615203,-0.4775960749604967
0.2723346198313182,0.7551415018252928,-0.18226290898094075,0.5098585142954576,0.05462447093462296,0.3310670913183935,0.9664412663953051,0.3171718098891575,-0.633184087245439
